ST Code,STATE NAME,DT Code,DISTRICT NAME,SDT Code,SUB-DISTRICT NAME,Town Code,Area Name
24,GUJARAT,0,GUJARAT,0,GUJARAT,0,GUJARAT
24,GUJARAT,468,Kachchh,0,Kachchh,0,Kachchh
24,GUJARAT,468,Kachchh,3722,Lakhpat,0,Lakhpat
24,GUJARAT,468,Kachchh,3723,Rapar,0,Rapar
24,GUJARAT,468,Kachchh,3723,Rapar,802442,Rapar (M)
24,GUJARAT,468,Kachchh,3724,Bhachau,0,Bhachau
24,GUJARAT,468,Kachchh,3724,Bhachau,802443,Bhachau (M)
24,GUJARAT,468,Kachchh,3725,Anjar,0,Anjar
24,GUJARAT,468,Kachchh,3725,Anjar,802444,Anjar (M)
24,GUJARAT,468,Kachchh,3726,Bhuj,0,Bhuj
24,GUJARAT,468,Kachchh,3726,Bhuj,802445,Bhuj (M + OG)
24,GUJARAT,468,Kachchh,3726,Bhuj,802445,Bhuj (M)
24,GUJARAT,468,Kachchh,3727,Nakhatrana,0,Nakhatrana
24,GUJARAT,468,Kachchh,3728,Abdasa,0,Abdasa
24,GUJARAT,468,Kachchh,3729,Mandvi,0,Mandvi
24,GUJARAT,468,Kachchh,3729,Mandvi,802446,Mandvi (M)
24,GUJARAT,468,Kachchh,3730,Mundra,0,Mundra
24,GUJARAT,468,Kachchh,3731,Gandhidham,0,Gandhidham
24,GUJARAT,468,Kachchh,3731,Gandhidham,802447,Gandhidham (M)
24,GUJARAT,469,Banas Kantha,0,Banas Kantha,0,Banas Kantha
24,GUJARAT,469,Banas Kantha,3732,Vav,0,Vav
24,GUJARAT,469,Banas Kantha,3733,Tharad,0,Tharad
24,GUJARAT,469,Banas Kantha,3733,Tharad,802448,Tharad (M)
24,GUJARAT,469,Banas Kantha,3734,Dhanera,0,Dhanera
24,GUJARAT,469,Banas Kantha,3734,Dhanera,802449,Dhanera (M)
24,GUJARAT,469,Banas Kantha,3735,Dantiwada,0,Dantiwada
24,GUJARAT,469,Banas Kantha,3736,Amirgadh,0,Amirgadh
24,GUJARAT,469,Banas Kantha,3737,Danta,0,Danta
24,GUJARAT,469,Banas Kantha,3738,Vadgam,0,Vadgam
24,GUJARAT,469,Banas Kantha,3739,Palanpur,0,Palanpur
24,GUJARAT,469,Banas Kantha,3739,Palanpur,802450,Palanpur (M + OG)
24,GUJARAT,469,Banas Kantha,3739,Palanpur,802450,Palanpur (M)
24,GUJARAT,469,Banas Kantha,3740,Deesa,0,Deesa
24,GUJARAT,469,Banas Kantha,3740,Deesa,802451,Deesa (M)
24,GUJARAT,469,Banas Kantha,3741,Deodar,0,Deodar
24,GUJARAT,469,Banas Kantha,3742,Bhabhar,0,Bhabhar
24,GUJARAT,469,Banas Kantha,3742,Bhabhar,802452,Bhabhar (M)
24,GUJARAT,469,Banas Kantha,3743,Kankrej,0,Kankrej
24,GUJARAT,469,Banas Kantha,3743,Kankrej,802453,Thara (M)
24,GUJARAT,470,Patan  ,0,Patan  ,0,Patan  
24,GUJARAT,470,Patan  ,3744,Santalpur,0,Santalpur
24,GUJARAT,470,Patan  ,3745,Radhanpur,0,Radhanpur
24,GUJARAT,470,Patan  ,3745,Radhanpur,802454,Radhanpur (M)
24,GUJARAT,470,Patan  ,3746,Sidhpur,0,Sidhpur
24,GUJARAT,470,Patan  ,3746,Sidhpur,802455,Sidhpur (M + OG)
24,GUJARAT,470,Patan  ,3746,Sidhpur,802455,Sidhpur (M)
24,GUJARAT,470,Patan  ,3747,Patan,0,Patan
24,GUJARAT,470,Patan  ,3747,Patan,802456,Patan (M + OG)
24,GUJARAT,470,Patan  ,3747,Patan,802456,Patan (M)
24,GUJARAT,470,Patan  ,3748,Harij,0,Harij
24,GUJARAT,470,Patan  ,3748,Harij,802457,Harij (M)
24,GUJARAT,470,Patan  ,3749,Sami,0,Sami
24,GUJARAT,470,Patan  ,3750,Chanasma,0,Chanasma
24,GUJARAT,470,Patan  ,3750,Chanasma,802458,Chanasma (M)
24,GUJARAT,471,Mahesana,0,Mahesana,0,Mahesana
24,GUJARAT,471,Mahesana,3751,Satlasana,0,Satlasana
24,GUJARAT,471,Mahesana,3752,Kheralu,0,Kheralu
24,GUJARAT,471,Mahesana,3752,Kheralu,802459,Kheralu (M)
24,GUJARAT,471,Mahesana,3753,Unjha,0,Unjha
24,GUJARAT,471,Mahesana,3753,Unjha,802460,Unjha (M)
24,GUJARAT,471,Mahesana,3754,Visnagar,0,Visnagar
24,GUJARAT,471,Mahesana,3754,Visnagar,802461,Visnagar (M + OG)
24,GUJARAT,471,Mahesana,3754,Visnagar,802461,Visnagar (M)
24,GUJARAT,471,Mahesana,3755,Vadnagar,0,Vadnagar
24,GUJARAT,471,Mahesana,3755,Vadnagar,802462,Vadnagar (M)
24,GUJARAT,471,Mahesana,3756,Vijapur,0,Vijapur
24,GUJARAT,471,Mahesana,3756,Vijapur,802463,Vijapur (M + OG)
24,GUJARAT,471,Mahesana,3756,Vijapur,802463,Vijapur (M)
24,GUJARAT,471,Mahesana,3757,Mahesana,0,Mahesana
24,GUJARAT,471,Mahesana,3757,Mahesana,802464,Mahesana (M + OG)
24,GUJARAT,471,Mahesana,3757,Mahesana,802464,Mahesana (M)
24,GUJARAT,471,Mahesana,3758,Becharaji,0,Becharaji
24,GUJARAT,471,Mahesana,3759,Kadi,0,Kadi
24,GUJARAT,471,Mahesana,3759,Kadi,802465,Kadi (M + OG)
24,GUJARAT,471,Mahesana,3759,Kadi,802465,Kadi (M)
24,GUJARAT,472,Sabar Kantha,0,Sabar Kantha,0,Sabar Kantha
24,GUJARAT,472,Sabar Kantha,3760,Khedbrahma,0,Khedbrahma
24,GUJARAT,472,Sabar Kantha,3760,Khedbrahma,802466,Khedbrahma (M)
24,GUJARAT,472,Sabar Kantha,3761,Vijaynagar,0,Vijaynagar
24,GUJARAT,472,Sabar Kantha,3762,Vadali,0,Vadali
24,GUJARAT,472,Sabar Kantha,3762,Vadali,802467,Vadali (M)
24,GUJARAT,472,Sabar Kantha,3763,Idar,0,Idar
24,GUJARAT,472,Sabar Kantha,3763,Idar,802468,Idar (M + OG)
24,GUJARAT,472,Sabar Kantha,3763,Idar,802468,Idar (M)
24,GUJARAT,472,Sabar Kantha,3764,Bhiloda,0,Bhiloda
24,GUJARAT,472,Sabar Kantha,3765,Meghraj,0,Meghraj
24,GUJARAT,472,Sabar Kantha,3766,Himatnagar,0,Himatnagar
24,GUJARAT,472,Sabar Kantha,3766,Himatnagar,802469,Himatnagar (M)
24,GUJARAT,472,Sabar Kantha,3767,Prantij,0,Prantij
24,GUJARAT,472,Sabar Kantha,3767,Prantij,802470,Prantij (M)
24,GUJARAT,472,Sabar Kantha,3768,Talod,0,Talod
24,GUJARAT,472,Sabar Kantha,3768,Talod,802471,Talod (M)
24,GUJARAT,472,Sabar Kantha,3769,Modasa,0,Modasa
24,GUJARAT,472,Sabar Kantha,3769,Modasa,802472,Modasa (M)
24,GUJARAT,472,Sabar Kantha,3770,Dhansura,0,Dhansura
24,GUJARAT,472,Sabar Kantha,3771,Malpur,0,Malpur
24,GUJARAT,472,Sabar Kantha,3772,Bayad,0,Bayad
24,GUJARAT,472,Sabar Kantha,3772,Bayad,802473,Bayad (M)
24,GUJARAT,473,Gandhinagar,0,Gandhinagar,0,Gandhinagar
24,GUJARAT,473,Gandhinagar,3773,Kalol,0,Kalol
24,GUJARAT,473,Gandhinagar,3773,Kalol,802474,Chhatral INA (INA)
24,GUJARAT,473,Gandhinagar,3773,Kalol,802475,Kalol (M + OG)
24,GUJARAT,473,Gandhinagar,3773,Kalol,802475,Kalol (M)
24,GUJARAT,473,Gandhinagar,3773,Kalol,802476,Kalol INA (INA)
24,GUJARAT,473,Gandhinagar,3774,Mansa,0,Mansa
24,GUJARAT,473,Gandhinagar,3774,Mansa,802477,Mansa (M)
24,GUJARAT,473,Gandhinagar,3775,Gandhinagar,0,Gandhinagar
24,GUJARAT,473,Gandhinagar,3775,Gandhinagar,802478,Pethapur (M)
24,GUJARAT,473,Gandhinagar,3775,Gandhinagar,802479,Gandhinagar (NA + OG)
24,GUJARAT,473,Gandhinagar,3775,Gandhinagar,802479,Gandhinagar (NA)
24,GUJARAT,473,Gandhinagar,3776,Dehgam,0,Dehgam
24,GUJARAT,473,Gandhinagar,3776,Dehgam,802480,Dehgam (M)
24,GUJARAT,474,Ahmadabad,0,Ahmadabad,0,Ahmadabad
24,GUJARAT,474,Ahmadabad,3777,Mandal,0,Mandal
24,GUJARAT,474,Ahmadabad,3778,Detroj-Rampura,0,Detroj-Rampura
24,GUJARAT,474,Ahmadabad,3779,Viramgam,0,Viramgam
24,GUJARAT,474,Ahmadabad,3779,Viramgam,802481,Viramgam (M)
24,GUJARAT,474,Ahmadabad,3780,Sanand,0,Sanand
24,GUJARAT,474,Ahmadabad,3780,Sanand,802482,Sanand (M + OG)
24,GUJARAT,474,Ahmadabad,3780,Sanand,802482,Sanand (M)
24,GUJARAT,474,Ahmadabad,3781,Ahmadabad City,0,Ahmadabad City
24,GUJARAT,474,Ahmadabad,3781,Ahmadabad City,802483,Ahmadabad Cantonment (CB)
24,GUJARAT,474,Ahmadabad,0,Ahmadabad,802484,Ahmadabad (M Corp. + OG)
24,GUJARAT,474,Ahmadabad,3781,Ahmadabad City,802484,Ahmadabad (M Corp. + OG) (Part)
24,GUJARAT,474,Ahmadabad,3782,Daskroi,0,Daskroi
24,GUJARAT,474,Ahmadabad,3782,Daskroi,802484,Ahmadabad (M Corp. + OG) (Part)
24,GUJARAT,474,Ahmadabad,3782,Daskroi,802485,Bareja (M)
24,GUJARAT,474,Ahmadabad,3783,Dholka,0,Dholka
24,GUJARAT,474,Ahmadabad,3783,Dholka,802486,Dholka (M + OG)
24,GUJARAT,474,Ahmadabad,3783,Dholka,802486,Dholka (M)
24,GUJARAT,474,Ahmadabad,3784,Bavla,0,Bavla
24,GUJARAT,474,Ahmadabad,3784,Bavla,802487,Bavla (M + OG)
24,GUJARAT,474,Ahmadabad,3784,Bavla,802487,Bavla (M)
24,GUJARAT,474,Ahmadabad,3785,Ranpur,0,Ranpur
24,GUJARAT,474,Ahmadabad,3786,Barwala,0,Barwala
24,GUJARAT,474,Ahmadabad,3786,Barwala,802488,Barwala (M)
24,GUJARAT,474,Ahmadabad,3787,Dhandhuka,0,Dhandhuka
24,GUJARAT,474,Ahmadabad,3787,Dhandhuka,802489,Dhandhuka (M)
24,GUJARAT,475,Surendranagar,0,Surendranagar,0,Surendranagar
24,GUJARAT,475,Surendranagar,3788,Halvad,0,Halvad
24,GUJARAT,475,Surendranagar,3788,Halvad,802490,Halvad (M)
24,GUJARAT,475,Surendranagar,3789,Dhrangadhra,0,Dhrangadhra
24,GUJARAT,475,Surendranagar,3789,Dhrangadhra,802491,Dhrangadhra (M)
24,GUJARAT,475,Surendranagar,3790,Dasada,0,Dasada
24,GUJARAT,475,Surendranagar,3790,Dasada,802492,Patdi (M)
24,GUJARAT,475,Surendranagar,3791,Lakhtar,0,Lakhtar
24,GUJARAT,475,Surendranagar,3792,Wadhwan,0,Wadhwan
24,GUJARAT,475,Surendranagar,3792,Wadhwan,802493,Surendranagar Dudhrej (M)
24,GUJARAT,475,Surendranagar,3792,Wadhwan,802494,Wadhwan (M)
24,GUJARAT,475,Surendranagar,3793,Muli,0,Muli
24,GUJARAT,475,Surendranagar,3794,Chotila,0,Chotila
24,GUJARAT,475,Surendranagar,3794,Chotila,802495,Thangadh (M)
24,GUJARAT,475,Surendranagar,3794,Chotila,802496,Chotila (M)
24,GUJARAT,475,Surendranagar,3795,Sayla,0,Sayla
24,GUJARAT,475,Surendranagar,3796,Chuda,0,Chuda
24,GUJARAT,475,Surendranagar,3797,Limbdi,0,Limbdi
24,GUJARAT,475,Surendranagar,3797,Limbdi,802497,Limbdi (M)
24,GUJARAT,476,Rajkot,0,Rajkot,0,Rajkot
24,GUJARAT,476,Rajkot,3798,Maliya,0,Maliya
24,GUJARAT,476,Rajkot,3798,Maliya,802498,Maliya (M)
24,GUJARAT,476,Rajkot,3799,Morvi,0,Morvi
24,GUJARAT,476,Rajkot,3799,Morvi,802499,Morvi (M + OG)
24,GUJARAT,476,Rajkot,3799,Morvi,802499,Morvi (M)
24,GUJARAT,476,Rajkot,3800,Tankara,0,Tankara
24,GUJARAT,476,Rajkot,3801,Wankaner,0,Wankaner
24,GUJARAT,476,Rajkot,3801,Wankaner,802500,Wankaner (M)
24,GUJARAT,476,Rajkot,3802,Paddhari,0,Paddhari
24,GUJARAT,476,Rajkot,3803,Rajkot,0,Rajkot
24,GUJARAT,476,Rajkot,3803,Rajkot,802501,Rajkot (M Corp. + OG)
24,GUJARAT,476,Rajkot,3803,Rajkot,802501,Rajkot (M Corp.)
24,GUJARAT,476,Rajkot,3804,Lodhika,0,Lodhika
24,GUJARAT,476,Rajkot,3804,Lodhika,802502,Lodhika (INA)
24,GUJARAT,476,Rajkot,3805,Kotda Sangani,0,Kotda Sangani
24,GUJARAT,476,Rajkot,3806,Jasdan,0,Jasdan
24,GUJARAT,476,Rajkot,3806,Jasdan,802503,Jasdan (M)
24,GUJARAT,476,Rajkot,3807,Gondal,0,Gondal
24,GUJARAT,476,Rajkot,3807,Gondal,802504,Gondal (M)
24,GUJARAT,476,Rajkot,3809,Upleta,0,Upleta
24,GUJARAT,476,Rajkot,3809,Upleta,802505,Bhayavadar (M)
24,GUJARAT,476,Rajkot,3809,Upleta,802506,Upleta (M)
24,GUJARAT,476,Rajkot,3810,Dhoraji,0,Dhoraji
24,GUJARAT,476,Rajkot,3810,Dhoraji,802507,Dhoraji (M)
24,GUJARAT,476,Rajkot,3811,Jetpur,0,Jetpur
24,GUJARAT,476,Rajkot,3811,Jetpur,802508,Jetpur Navagadh (M)
24,GUJARAT,477,Jamnagar,0,Jamnagar,0,Jamnagar
24,GUJARAT,477,Jamnagar,3812,Okhamandal,0,Okhamandal
24,GUJARAT,477,Jamnagar,3812,Okhamandal,802509,Okha (M)
24,GUJARAT,477,Jamnagar,3812,Okhamandal,802510,Dwarka (M)
24,GUJARAT,477,Jamnagar,3813,Khambhalia,0,Khambhalia
24,GUJARAT,477,Jamnagar,3813,Khambhalia,802511,Salaya (M)
24,GUJARAT,477,Jamnagar,3813,Khambhalia,802512,Khambhalia (M)
24,GUJARAT,477,Jamnagar,3814,Jamnagar,0,Jamnagar
24,GUJARAT,477,Jamnagar,3814,Jamnagar,802513,Sikka (M)
24,GUJARAT,477,Jamnagar,3814,Jamnagar,802514,GSFC (Motikhavdi Sikka) (INA)
24,GUJARAT,477,Jamnagar,3814,Jamnagar,802515,Reliance Complex (INA)
24,GUJARAT,477,Jamnagar,3814,Jamnagar,802516,Jamnagar (M Corp. + OG)
24,GUJARAT,477,Jamnagar,3814,Jamnagar,802516,Jamnagar (M Corp.)
24,GUJARAT,477,Jamnagar,3815,Jodiya,0,Jodiya
24,GUJARAT,477,Jamnagar,3816,Dhrol,0,Dhrol
24,GUJARAT,477,Jamnagar,3816,Dhrol,802517,Dhrol (M)
24,GUJARAT,477,Jamnagar,3817,Kalavad,0,Kalavad
24,GUJARAT,477,Jamnagar,3817,Kalavad,802518,Kalavad (M)
24,GUJARAT,477,Jamnagar,3818,Lalpur,0,Lalpur
24,GUJARAT,477,Jamnagar,3819,Kalyanpur,0,Kalyanpur
24,GUJARAT,477,Jamnagar,3819,Kalyanpur,802519,Raval (M)
24,GUJARAT,477,Jamnagar,3820,Bhanvad,0,Bhanvad
24,GUJARAT,477,Jamnagar,3820,Bhanvad,802520,Bhanvad (M)
24,GUJARAT,477,Jamnagar,3821,Jamjodhpur,0,Jamjodhpur
24,GUJARAT,477,Jamnagar,3821,Jamjodhpur,802521,Jamjodhpur (M)
24,GUJARAT,478,Porbandar ,0,Porbandar ,0,Porbandar 
24,GUJARAT,478,Porbandar ,3822,Porbandar,0,Porbandar
24,GUJARAT,478,Porbandar ,3822,Porbandar,802522,Porbandar (M + OG)
24,GUJARAT,478,Porbandar ,3822,Porbandar,802522,Porbandar (M)
24,GUJARAT,478,Porbandar ,3822,Porbandar,802523,Chhaya (M)
24,GUJARAT,478,Porbandar ,3823,Ranavav,0,Ranavav
24,GUJARAT,478,Porbandar ,3823,Ranavav,802524,Ranavav (M)
24,GUJARAT,478,Porbandar ,3824,Kutiyana,0,Kutiyana
24,GUJARAT,478,Porbandar ,3824,Kutiyana,802525,Kutiyana (M)
24,GUJARAT,479,Junagadh,0,Junagadh,0,Junagadh
24,GUJARAT,479,Junagadh,3825,Manavadar,0,Manavadar
24,GUJARAT,479,Junagadh,3825,Manavadar,802526,Bantwa (M)
24,GUJARAT,479,Junagadh,3825,Manavadar,802527,Manavadar (M)
24,GUJARAT,479,Junagadh,3826,Vanthali,0,Vanthali
24,GUJARAT,479,Junagadh,3826,Vanthali,802528,Vanthali (M)
24,GUJARAT,479,Junagadh,3827,Junagadh,0,Junagadh
24,GUJARAT,479,Junagadh,3827,Junagadh,802529,Junagadh (M Corp.)
24,GUJARAT,479,Junagadh,3828,Bhesan,0,Bhesan
24,GUJARAT,479,Junagadh,3829,Visavadar,0,Visavadar
24,GUJARAT,479,Junagadh,3829,Visavadar,802530,Visavadar (M)
24,GUJARAT,479,Junagadh,3830,Mendarda,0,Mendarda
24,GUJARAT,479,Junagadh,3831,Keshod,0,Keshod
24,GUJARAT,479,Junagadh,3831,Keshod,802531,Keshod (M)
24,GUJARAT,479,Junagadh,3832,Mangrol,0,Mangrol
24,GUJARAT,479,Junagadh,3832,Mangrol,802532,Mangrol (M + OG)
24,GUJARAT,479,Junagadh,3832,Mangrol,802532,Mangrol (M)
24,GUJARAT,479,Junagadh,3833,Malia,0,Malia
24,GUJARAT,479,Junagadh,3833,Malia,802533,Chorvad (M)
24,GUJARAT,479,Junagadh,3834,Talala,0,Talala
24,GUJARAT,479,Junagadh,3834,Talala,802534,Talala (M)
24,GUJARAT,479,Junagadh,3835,Patan-Veraval,0,Patan-Veraval
24,GUJARAT,479,Junagadh,3835,Patan-Veraval,802535,Veraval (M + OG)
24,GUJARAT,479,Junagadh,3835,Patan-Veraval,802535,Veraval (M)
24,GUJARAT,479,Junagadh,3836,Sutrapada,0,Sutrapada
24,GUJARAT,479,Junagadh,3836,Sutrapada,802536,Sutrapada (M)
24,GUJARAT,479,Junagadh,3837,Kodinar,0,Kodinar
24,GUJARAT,479,Junagadh,3837,Kodinar,802537,Kodinar (M)
24,GUJARAT,479,Junagadh,3838,Una,0,Una
24,GUJARAT,479,Junagadh,3838,Una,802538,Una (M)
24,GUJARAT,480,Amreli,0,Amreli,0,Amreli
24,GUJARAT,480,Amreli,3839,Kunkavav Vadia,0,Kunkavav Vadia
24,GUJARAT,480,Amreli,3840,Babra,0,Babra
24,GUJARAT,480,Amreli,3840,Babra,802539,Babra (M)
24,GUJARAT,480,Amreli,3841,Lathi,0,Lathi
24,GUJARAT,480,Amreli,3841,Lathi,802540,Lathi (M)
24,GUJARAT,480,Amreli,3841,Lathi,802541,Damnagar (M)
24,GUJARAT,480,Amreli,3842,Lilia,0,Lilia
24,GUJARAT,480,Amreli,3843,Amreli,0,Amreli
24,GUJARAT,480,Amreli,3843,Amreli,802542,Amreli (M + OG)
24,GUJARAT,480,Amreli,3843,Amreli,802542,Amreli (M)
24,GUJARAT,480,Amreli,3844,Bagasara,0,Bagasara
24,GUJARAT,480,Amreli,3844,Bagasara,802543,Bagasara (M)
24,GUJARAT,480,Amreli,3845,Dhari,0,Dhari
24,GUJARAT,480,Amreli,3845,Dhari,802544,Chalala (M)
24,GUJARAT,480,Amreli,3846,Savar Kundla,0,Savar Kundla
24,GUJARAT,480,Amreli,3846,Savar Kundla,802545,Savarkundla (M)
24,GUJARAT,480,Amreli,3847,Khambha,0,Khambha
24,GUJARAT,480,Amreli,3848,Jafrabad,0,Jafrabad
24,GUJARAT,480,Amreli,3848,Jafrabad,802546,Jafrabad (M)
24,GUJARAT,480,Amreli,3849,Rajula,0,Rajula
24,GUJARAT,480,Amreli,3849,Rajula,802547,Rajula (M)
24,GUJARAT,481,Bhavnagar,0,Bhavnagar,0,Bhavnagar
24,GUJARAT,481,Bhavnagar,3850,Botad,0,Botad
24,GUJARAT,481,Bhavnagar,3850,Botad,802548,Botad (M)
24,GUJARAT,481,Bhavnagar,3851,Vallabhipur,0,Vallabhipur
24,GUJARAT,481,Bhavnagar,3851,Vallabhipur,802549,Vallabhipur (M)
24,GUJARAT,481,Bhavnagar,3852,Gadhada,0,Gadhada
24,GUJARAT,481,Bhavnagar,3852,Gadhada,802550,Gadhada (M)
24,GUJARAT,481,Bhavnagar,3853,Umrala,0,Umrala
24,GUJARAT,481,Bhavnagar,3854,Bhavnagar,0,Bhavnagar
24,GUJARAT,481,Bhavnagar,3854,Bhavnagar,802551,Bhavnagar (M Corp. + OG)
24,GUJARAT,481,Bhavnagar,3854,Bhavnagar,802551,Bhavnagar (M Corp.)
24,GUJARAT,481,Bhavnagar,3855,Ghogha,0,Ghogha
24,GUJARAT,481,Bhavnagar,3856,Sihor,0,Sihor
24,GUJARAT,481,Bhavnagar,3856,Sihor,802552,Sihor (M)
24,GUJARAT,481,Bhavnagar,3857,Gariadhar,0,Gariadhar
24,GUJARAT,481,Bhavnagar,3857,Gariadhar,802553,Gariadhar (M)
24,GUJARAT,481,Bhavnagar,3858,Palitana,0,Palitana
24,GUJARAT,481,Bhavnagar,3858,Palitana,802554,Palitana (M)
24,GUJARAT,481,Bhavnagar,3859,Talaja,0,Talaja
24,GUJARAT,481,Bhavnagar,3859,Talaja,802555,Talaja (M)
24,GUJARAT,481,Bhavnagar,3859,Talaja,802556,Alang-Sosiya (INA)
24,GUJARAT,481,Bhavnagar,3860,Mahuva,0,Mahuva
24,GUJARAT,481,Bhavnagar,3860,Mahuva,802557,Mahuva (M + OG)
24,GUJARAT,481,Bhavnagar,3860,Mahuva,802557,Mahuva (M)
24,GUJARAT,482,Anand  ,0,Anand  ,0,Anand  
24,GUJARAT,482,Anand  ,3861,Tarapur,0,Tarapur
24,GUJARAT,482,Anand  ,3862,Sojitra,0,Sojitra
24,GUJARAT,482,Anand  ,3862,Sojitra,802558,Sojitra (M)
24,GUJARAT,482,Anand  ,3863,Umreth,0,Umreth
24,GUJARAT,482,Anand  ,3863,Umreth,802559,Umreth (M)
24,GUJARAT,482,Anand  ,3864,Anand,0,Anand
24,GUJARAT,482,Anand  ,3864,Anand,802560,Boriavi (M)
24,GUJARAT,482,Anand  ,3864,Anand,802561,Ode (M)
24,GUJARAT,482,Anand  ,3864,Anand,802562,Anand (M + OG)
24,GUJARAT,482,Anand  ,3864,Anand,802562,Anand (M)
24,GUJARAT,482,Anand  ,3864,Anand,802563,Vallabh Vidyanagar (M)
24,GUJARAT,482,Anand  ,3864,Anand,802564,Karamsad (M)
24,GUJARAT,482,Anand  ,3864,Anand,802565,Vithal Udyognagar (INA)
24,GUJARAT,482,Anand  ,3865,Petlad,0,Petlad
24,GUJARAT,482,Anand  ,3865,Petlad,802566,Petlad (M)
24,GUJARAT,482,Anand  ,3866,Khambhat,0,Khambhat
24,GUJARAT,482,Anand  ,3866,Khambhat,802567,Khambhat (M + OG)
24,GUJARAT,482,Anand  ,3866,Khambhat,802567,Khambhat (M)
24,GUJARAT,482,Anand  ,3867,Borsad,0,Borsad
24,GUJARAT,482,Anand  ,3867,Borsad,802568,Borsad (M)
24,GUJARAT,482,Anand  ,3867,Borsad,802569,Vasna Borsad (INA)
24,GUJARAT,482,Anand  ,3868,Anklav,0,Anklav
24,GUJARAT,482,Anand  ,3868,Anklav,802570,Anklav (M)
24,GUJARAT,483,Kheda,0,Kheda,0,Kheda
24,GUJARAT,483,Kheda,3869,Kapadvanj,0,Kapadvanj
24,GUJARAT,483,Kheda,3869,Kapadvanj,802571,Kapadvanj (M)
24,GUJARAT,483,Kheda,3870,Virpur,0,Virpur
24,GUJARAT,483,Kheda,3871,Balasinor,0,Balasinor
24,GUJARAT,483,Kheda,3871,Balasinor,802572,Balasinor (M)
24,GUJARAT,483,Kheda,3872,Kathlal,0,Kathlal
24,GUJARAT,483,Kheda,3872,Kathlal,802573,Kathlal (M)
24,GUJARAT,483,Kheda,3873,Mehmedabad,0,Mehmedabad
24,GUJARAT,483,Kheda,3873,Mehmedabad,802574,Mehmedabad (M)
24,GUJARAT,483,Kheda,3874,Kheda,0,Kheda
24,GUJARAT,483,Kheda,3874,Kheda,802575,Kheda (M)
24,GUJARAT,483,Kheda,3875,Matar,0,Matar
24,GUJARAT,483,Kheda,3876,Nadiad,0,Nadiad
24,GUJARAT,483,Kheda,3876,Nadiad,802576,Nadiad (M + OG)
24,GUJARAT,483,Kheda,3876,Nadiad,802576,Nadiad (M)
24,GUJARAT,483,Kheda,3876,Nadiad,802577,Chaklasi (M)
24,GUJARAT,483,Kheda,3876,Nadiad,802578,Kanjari (M)
24,GUJARAT,483,Kheda,3877,Mahudha,0,Mahudha
24,GUJARAT,483,Kheda,3877,Mahudha,802579,Mahudha (M)
24,GUJARAT,483,Kheda,3878,Thasra,0,Thasra
24,GUJARAT,483,Kheda,3878,Thasra,802580,Thasra (M)
24,GUJARAT,483,Kheda,3878,Thasra,802581,Dakor (M + OG)
24,GUJARAT,483,Kheda,3878,Thasra,802581,Dakor (M)
24,GUJARAT,484,Panch Mahals,0,Panch Mahals,0,Panch Mahals
24,GUJARAT,484,Panch Mahals,3879,Khanpur,0,Khanpur
24,GUJARAT,484,Panch Mahals,3880,Kadana,0,Kadana
24,GUJARAT,484,Panch Mahals,3881,Santrampur,0,Santrampur
24,GUJARAT,484,Panch Mahals,3881,Santrampur,802582,Santrampur (M)
24,GUJARAT,484,Panch Mahals,3883,Shehera,0,Shehera
24,GUJARAT,484,Panch Mahals,3883,Shehera,802584,Shehera (M)
24,GUJARAT,484,Panch Mahals,3884,Morwa (Hadaf),0,Morwa (Hadaf)
24,GUJARAT,484,Panch Mahals,3885,Godhra,0,Godhra
24,GUJARAT,484,Panch Mahals,3885,Godhra,802585,Godhra (M)
24,GUJARAT,484,Panch Mahals,3886,Kalol,0,Kalol
24,GUJARAT,484,Panch Mahals,3886,Kalol,802586,Kalol (M + OG)
24,GUJARAT,484,Panch Mahals,3886,Kalol,802586,Kalol (M)
24,GUJARAT,484,Panch Mahals,3886,Kalol,802587,Kalol (INA)
24,GUJARAT,484,Panch Mahals,3887,Ghoghamba,0,Ghoghamba
24,GUJARAT,484,Panch Mahals,3888,Halol,0,Halol
24,GUJARAT,484,Panch Mahals,3888,Halol,802588,Halol (M + OG)
24,GUJARAT,484,Panch Mahals,3888,Halol,802588,Halol (M)
24,GUJARAT,484,Panch Mahals,3889,Jambughoda,0,Jambughoda
24,GUJARAT,485,Dohad  ,0,Dohad  ,0,Dohad  
24,GUJARAT,485,Dohad  ,3890,Fatepura,0,Fatepura
24,GUJARAT,485,Dohad  ,3891,Jhalod,0,Jhalod
24,GUJARAT,485,Dohad  ,3891,Jhalod,802589,Jhalod (M)
24,GUJARAT,485,Dohad  ,3892,Limkheda,0,Limkheda
24,GUJARAT,485,Dohad  ,3893,Dohad,0,Dohad
24,GUJARAT,485,Dohad  ,3893,Dohad,802590,Dohad (M + OG)
24,GUJARAT,485,Dohad  ,3893,Dohad,802590,Dohad (M)
24,GUJARAT,485,Dohad  ,3894,Garbada,0,Garbada
24,GUJARAT,485,Dohad  ,3896,Dhanpur,0,Dhanpur
24,GUJARAT,486,Vadodara,0,Vadodara,0,Vadodara
24,GUJARAT,486,Vadodara,3897,Savli,0,Savli
24,GUJARAT,486,Vadodara,3897,Savli,802592,Savli (M)
24,GUJARAT,486,Vadodara,3898,Vadodara,0,Vadodara
24,GUJARAT,486,Vadodara,3898,Vadodara,802593,Nandesari (INA)
24,GUJARAT,486,Vadodara,3898,Vadodara,802594,Petro-Chemical Complex (INA)
24,GUJARAT,486,Vadodara,3898,Vadodara,802595,GSFC Complex (INA)
24,GUJARAT,486,Vadodara,3898,Vadodara,802596,Vadodara (M Corp. + OG)
24,GUJARAT,486,Vadodara,3898,Vadodara,802596,Vadodara (M Corp.)
24,GUJARAT,486,Vadodara,3898,Vadodara,802597,Por-Ramangamdi (INA)
24,GUJARAT,486,Vadodara,3900,Jetpur Pavi,0,Jetpur Pavi
24,GUJARAT,486,Vadodara,3901,Chhota Udaipur,0,Chhota Udaipur
24,GUJARAT,486,Vadodara,3901,Chhota Udaipur,802599,Chhota Udaipur (M)
24,GUJARAT,486,Vadodara,3902,Kavant,0,Kavant
24,GUJARAT,486,Vadodara,3903,Nasvadi,0,Nasvadi
24,GUJARAT,486,Vadodara,3904,Sankheda,0,Sankheda
24,GUJARAT,486,Vadodara,3905,Dabhoi,0,Dabhoi
24,GUJARAT,486,Vadodara,3905,Dabhoi,802600,Dabhoi (M)
24,GUJARAT,486,Vadodara,3906,Padra,0,Padra
24,GUJARAT,486,Vadodara,3906,Padra,802601,Padra (M + OG)
24,GUJARAT,486,Vadodara,3906,Padra,802601,Padra (M)
24,GUJARAT,486,Vadodara,3907,Karjan,0,Karjan
24,GUJARAT,486,Vadodara,3907,Karjan,802602,Karjan (M)
24,GUJARAT,486,Vadodara,3908,Sinor,0,Sinor
24,GUJARAT,487,Narmada,0,Narmada,0,Narmada
24,GUJARAT,487,Narmada,3910,Nandod,0,Nandod
24,GUJARAT,487,Narmada,3910,Nandod,802603,Rajpipla (M)
24,GUJARAT,487,Narmada,3911,Dediapada,0,Dediapada
24,GUJARAT,487,Narmada,3912,Sagbara,0,Sagbara
24,GUJARAT,488,Bharuch,0,Bharuch,0,Bharuch
24,GUJARAT,488,Bharuch,3913,Jambusar,0,Jambusar
24,GUJARAT,488,Bharuch,3913,Jambusar,802604,Jambusar (M)
24,GUJARAT,488,Bharuch,3914,Amod,0,Amod
24,GUJARAT,488,Bharuch,3914,Amod,802605,Amod (M)
24,GUJARAT,488,Bharuch,3915,Vagra,0,Vagra
24,GUJARAT,488,Bharuch,3916,Bharuch,0,Bharuch
24,GUJARAT,488,Bharuch,3916,Bharuch,802606,Bharuch (INA)
24,GUJARAT,488,Bharuch,3916,Bharuch,802607,Bharuch (M)
24,GUJARAT,488,Bharuch,3917,Jhagadia,0,Jhagadia
24,GUJARAT,488,Bharuch,3919,Hansot,0,Hansot
24,GUJARAT,488,Bharuch,3920,Valia,0,Valia
24,GUJARAT,488,Bharuch,3920,Valia,802611,Valia - Jhagadia (GNFC Scooter Project Area) (INA)
24,GUJARAT,488,Bharuch,3920,Valia,802612,Valia (Naldhari) (INA)
24,GUJARAT,489,The Dangs,0,The Dangs,0,The Dangs
24,GUJARAT,489,The Dangs,3921,The Dangs,0,The Dangs
24,GUJARAT,489,The Dangs,3921,The Dangs,802613,Saputara (NA)
24,GUJARAT,490,Navsari  ,0,Navsari  ,0,Navsari  
24,GUJARAT,490,Navsari  ,3922,Navsari,0,Navsari
24,GUJARAT,490,Navsari  ,3922,Navsari,802614,Navsari (M + OG)
24,GUJARAT,490,Navsari  ,3922,Navsari,802614,Navsari (M)
24,GUJARAT,490,Navsari  ,3923,Jalalpore,0,Jalalpore
24,GUJARAT,490,Navsari  ,3923,Jalalpore,802615,Vijalpor (M)
24,GUJARAT,490,Navsari  ,3924,Gandevi,0,Gandevi
24,GUJARAT,490,Navsari  ,3924,Gandevi,802616,Gandevi (M)
24,GUJARAT,490,Navsari  ,3924,Gandevi,802617,Bilimora (M)
24,GUJARAT,490,Navsari  ,3925,Chikhli,0,Chikhli
24,GUJARAT,490,Navsari  ,3926,Bansda,0,Bansda
24,GUJARAT,491,Valsad,0,Valsad,0,Valsad
24,GUJARAT,491,Valsad,3927,Valsad,0,Valsad
24,GUJARAT,491,Valsad,3927,Valsad,802618,Valsad (M + OG)
24,GUJARAT,491,Valsad,3927,Valsad,802618,Valsad (M)
24,GUJARAT,491,Valsad,3927,Valsad,802619,Valsad (INA)
24,GUJARAT,491,Valsad,3928,Dharampur,0,Dharampur
24,GUJARAT,491,Valsad,3928,Dharampur,802620,Dharampur (M)
24,GUJARAT,491,Valsad,3929,Pardi,0,Pardi
24,GUJARAT,491,Valsad,3929,Pardi,802621,Pardi (M)
24,GUJARAT,491,Valsad,3929,Pardi,802622,Vapi (M)
24,GUJARAT,491,Valsad,3929,Pardi,802623,Vapi (INA)
24,GUJARAT,491,Valsad,3930,Kaprada,0,Kaprada
24,GUJARAT,491,Valsad,3931,Umbergaon,0,Umbergaon
24,GUJARAT,491,Valsad,3931,Umbergaon,802624,Sarigam (INA)
24,GUJARAT,491,Valsad,3931,Umbergaon,802625,Umbergaon (M)
24,GUJARAT,491,Valsad,3931,Umbergaon,802626,Umbergaon (INA)
24,GUJARAT,492,Surat,0,Surat,0,Surat
24,GUJARAT,492,Surat,3932,Olpad,0,Olpad
24,GUJARAT,492,Surat,3933,Mangrol,0,Mangrol
24,GUJARAT,492,Surat,3933,Mangrol,802627,Tarsadi (M)
24,GUJARAT,492,Surat,3934,Umarpada,0,Umarpada
24,GUJARAT,492,Surat,3935,Mandvi,0,Mandvi
24,GUJARAT,492,Surat,3935,Mandvi,802628,Mandvi (M)
24,GUJARAT,492,Surat,3936,Kamrej,0,Kamrej
24,GUJARAT,492,Surat,3937,Surat City,0,Surat City
24,GUJARAT,492,Surat,0,Surat,802629,Surat (M Corp. + OG)
24,GUJARAT,492,Surat,3937,Surat City,802629,Surat (M Corp. + OG) (Part)
24,GUJARAT,492,Surat,3938,Chorasi,0,Chorasi
24,GUJARAT,492,Surat,3938,Chorasi,802629,Surat (M Corp. + OG) (Part)
24,GUJARAT,492,Surat,3938,Chorasi,802630,Hajira (INA)
24,GUJARAT,492,Surat,3938,Chorasi,802631,Magdalla (INA)
24,GUJARAT,492,Surat,3938,Chorasi,802632,Sachin (INA)
24,GUJARAT,492,Surat,3938,Chorasi,802633,Kansad (M)
24,GUJARAT,492,Surat,3939,Palsana,0,Palsana
24,GUJARAT,492,Surat,3940,Bardoli,0,Bardoli
24,GUJARAT,492,Surat,3940,Bardoli,802634,Bardoli (M)
24,GUJARAT,492,Surat,3941,Mahuva,0,Mahuva
24,GUJARAT,493,Tapi,0,Tapi,0,Tapi
24,GUJARAT,493,Tapi,3942,Nizar,0,Nizar
24,GUJARAT,493,Tapi,3943,Uchchhal,0,Uchchhal
24,GUJARAT,493,Tapi,3944,Songadh,0,Songadh
24,GUJARAT,493,Tapi,3944,Songadh,802635,Songadh (M)
24,GUJARAT,493,Tapi,3945,Vyara,0,Vyara
24,GUJARAT,493,Tapi,3945,Vyara,802636,Vyara (M)
24,GUJARAT,493,Tapi,3946,Valod,0,Valod